age,mean,s.d.
0 - 2,97.4133871,4.295741677
4 - 6,97.4133871,4.295741677
8 - 12,107.4748077,5.392884762
15 - 20,117.98125,6.168099345
25 - 32,118.6943304,5.906348174
38 - 43,116.46,7.2
48 - 53,116.46,7.2
60 - 100,116.46,7.2