{
  "(0 - 2)": {
    "n": 62,
    "mean": 97.4133871,
    "total": 6039.63,
    "sd": 4.295741677
  },
  "(4 - 6)": {
    "n": 62,
    "mean": 97.4133871,
    "total": 6039.63,
    "sd": 4.295741677
  },
  "(8 - 12)": {
    "n": 104,
    "mean": 107.4748077,
    "total": 11177.38,
    "sd": 5.392884762
  },
  "(15 - 20)": {
    "n": 216,
    "mean": 117.98125,
    "total": 25483.95,
    "sd": 6.168099345
  },
  "(25 - 32)": {
    "n": 448,
    "mean": 118.6943304,
    "total": 53175.06,
    "sd": 5.906348174
  },
  "(38 - 43)": {
    "n": 40,
    "mean": 116.46,
    "total": 4658.4,
    "sd": 7.2
  },
  "(48 - 53)": {
    "n": 40,
    "mean": 116.46,
    "total": 4658.4,
    "sd": 7.2
  },
  "(60 - 100)": {
    "n": 40,
    "mean": 116.46,
    "total": 4658.4,
    "sd": 7.2
  }
}