
{
  "(0 - 2)": {
    "n": 65,
    "mean": 99.94492308,
    "total": 6496.42,
    "sd": 5.500810671
  },
  "(4 - 6)": {
    "n": 65,
    "mean": 99.94492308,
    "total": 6496.42,
    "sd": 5.500810671
  },
  "(8 - 12)": {
    "n": 102,
    "mean": 109.8673529,
    "total": 11206.47,
    "sd": 6.196506665
  },
  "(15 - 20)": {
    "n": 116,
    "mean": 125.7499138,
    "total": 14586.99,
    "sd": 6.96388554
  },
  "(25 - 32)": {
    "n": 258,
    "mean": 127.4200775,
    "total": 32874.38,
    "sd": 6.436201492
  },
  "(38 - 43)": {
    "n": 22,
    "mean": 128.33,
    "total": 2823.26,
    "sd": 5.98
  },
  "(48 - 53)": {
    "n": 22,
    "mean": 128.33,
    "total": 2823.26,
    "sd": 5.98
  },
  "(60 - 100)": {
    "n": 22,
    "mean": 128.33,
    "total": 2823.26,
    "sd": 5.98
  }
}