age,mean,s.d.
0 - 2,99.94492308,5.500810671
4 - 6,99.94492308,5.500810671
8 - 12,109.8673529,6.196506665
15 - 20,125.7499138,6.96388554
25 - 32,127.4200775,6.436201492
38 - 43,128.33,5.98
48 - 53,128.33,5.98
60 - 100,128.33,5.98